-- phpMyAdmin SQL Dump
-- version 5.2.1
-- https://www.phpmyadmin.net/
--
-- Host: 127.0.0.1
-- Generation Time: Nov 16, 2024 at 02:41 PM
-- Server version: 10.4.32-MariaDB
-- PHP Version: 8.2.12

SET SQL_MODE = "NO_AUTO_VALUE_ON_ZERO";
START TRANSACTION;
SET time_zone = "+00:00";


/*!40101 SET @OLD_CHARACTER_SET_CLIENT=@@CHARACTER_SET_CLIENT */;
/*!40101 SET @OLD_CHARACTER_SET_RESULTS=@@CHARACTER_SET_RESULTS */;
/*!40101 SET @OLD_COLLATION_CONNECTION=@@COLLATION_CONNECTION */;
/*!40101 SET NAMES utf8mb4 */;

--
-- Database: `library`
--

-- --------------------------------------------------------

--
-- Table structure for table `admin`
--

CREATE TABLE `admin` (
  `id` int(11) NOT NULL,
  `FullName` varchar(100) DEFAULT NULL,
  `AdminEmail` varchar(120) DEFAULT NULL,
  `UserName` varchar(100) NOT NULL,
  `Password` varchar(100) NOT NULL,
  `updationDate` timestamp NOT NULL DEFAULT '0000-00-00 00:00:00' ON UPDATE current_timestamp()
) ENGINE=InnoDB DEFAULT CHARSET=latin1 COLLATE=latin1_swedish_ci;

--
-- Dumping data for table `admin`
--

INSERT INTO `admin` (`id`, `FullName`, `AdminEmail`, `UserName`, `Password`, `updationDate`) VALUES
(1, 'Parthiv', 'admin@gmail.com', 'Parthiv', 'Parthiv', '2024-07-21 09:14:02');

-- --------------------------------------------------------

--
-- Table structure for table `tblauthors`
--

CREATE TABLE `tblauthors` (
  `id` int(11) NOT NULL,
  `AuthorName` varchar(159) DEFAULT NULL,
  `creationDate` timestamp NULL DEFAULT current_timestamp(),
  `UpdationDate` timestamp NULL DEFAULT NULL ON UPDATE current_timestamp()
) ENGINE=InnoDB DEFAULT CHARSET=latin1 COLLATE=latin1_swedish_ci;

--
-- Dumping data for table `tblauthors`
--

INSERT INTO `tblauthors` (`id`, `AuthorName`, `creationDate`, `UpdationDate`) VALUES
(1, 'Anuj kumar', '2024-01-25 07:23:03', '2024-02-04 06:34:19'),
(2, 'Chetan Bhagatt', '2024-01-25 07:23:03', '2024-02-04 06:34:26'),
(3, 'Anita Desai', '2024-01-25 07:23:03', '2024-02-04 06:34:26'),
(4, 'HC Verma', '2024-01-25 07:23:03', '2024-02-04 06:34:26'),
(5, 'R.D. Sharma ', '2024-01-25 07:23:03', '2024-02-04 06:34:26'),
(10, 'Dr. Andy Williams', '2024-01-25 07:23:03', '2024-02-04 06:34:26'),
(11, 'Kyle Hill', '2024-01-25 07:23:03', '2024-02-04 06:34:26'),
(12, 'Robert T. Kiyosak', '2024-01-25 07:23:03', '2024-02-04 06:34:26'),
(13, 'Kelly Barnhill', '2024-01-25 07:23:03', '2024-02-04 06:34:26'),
(14, 'Herbert Schildt', '2024-01-25 07:23:03', '2024-02-04 06:34:26'),
(16, 'Robert Cecil Martin', '2024-07-21 09:50:52', NULL);

-- --------------------------------------------------------

--
-- Table structure for table `tblbooks`
--

CREATE TABLE `tblbooks` (
  `id` int(11) NOT NULL,
  `BookName` varchar(255) DEFAULT NULL,
  `CatId` int(11) DEFAULT NULL,
  `AuthorId` int(11) DEFAULT NULL,
  `ISBNNumber` varchar(25) DEFAULT NULL,
  `BookPrice` decimal(10,2) DEFAULT NULL,
  `bookImage` varchar(250) NOT NULL,
  `isIssued` int(1) DEFAULT NULL,
  `RegDate` timestamp NULL DEFAULT current_timestamp(),
  `UpdationDate` timestamp NULL DEFAULT NULL ON UPDATE current_timestamp()
) ENGINE=InnoDB DEFAULT CHARSET=latin1 COLLATE=latin1_swedish_ci;

--
-- Dumping data for table `tblbooks`
--

INSERT INTO `tblbooks` (`id`, `BookName`, `CatId`, `AuthorId`, `ISBNNumber`, `BookPrice`, `bookImage`, `isIssued`, `RegDate`, `UpdationDate`) VALUES
(1, 'PHP And MySql programming', 5, 1, '222333', 20.00, '1efecc0ca822e40b7b673c0d79ae943f.jpg', 1, '2024-01-30 07:23:03', '2024-02-04 06:34:02'),
(3, 'physics', 6, 4, '1111', 15.00, 'dd8267b57e0e4feee5911cb1e1a03a79.jpg', 0, '2024-01-30 07:23:03', '2024-02-04 06:34:11'),
(5, 'Murach\'s MySQL', 5, 1, '9350237695', 455.00, '5939d64655b4d2ae443830d73abc35b6.jpg', 1, '2024-01-30 07:23:03', '2024-02-04 06:34:11'),
(6, 'WordPress for Beginners 2022: A Visual Step-by-Step Guide to Mastering WordPress', 5, 10, 'B019MO3WCM', 100.00, '144ab706ba1cb9f6c23fd6ae9c0502b3.jpg', 0, '2024-01-30 07:23:03', '2024-08-13 11:12:26'),
(7, 'WordPress Mastery Guide:', 5, 11, 'B09NKWH7NP', 53.00, '90083a56014186e88ffca10286172e64.jpg', NULL, '2024-01-30 07:23:03', '2024-02-04 06:34:11'),
(8, 'Rich Dad Poor Dad: What the Rich Teach Their Kids About Money That the Poor and Middle Class Do Not', 8, 12, 'B07C7M8SX9', 120.00, '52411b2bd2a6b2e0df3eb10943a5b640.jpg', NULL, '2024-01-30 07:23:03', '2024-02-04 06:34:11'),
(9, 'The Girl Who Drank the Moon', 8, 13, '1848126476', 200.00, 'f05cd198ac9335245e1fdffa793207a7.jpg', NULL, '2024-01-30 07:23:03', '2024-02-04 06:34:11'),
(10, 'C++: The Complete Reference, 4th Edition', 5, 14, '007053246X', 142.00, '36af5de9012bf8c804e499dc3c3b33a5.jpg', 0, '2024-01-30 07:23:03', '2024-02-04 06:34:11'),
(11, 'ASP.NET Core 5 for Beginners', 9, 11, 'GBSJ36344563', 422.00, 'b1b6788016bbfab12cfd2722604badc9.jpg', 0, '2024-01-30 07:23:03', '2024-02-04 06:34:11'),
(12, 'Clean Code', 5, 16, '9780136083252', 700.00, 'af9a93aa99b0e7a8c16d88db217a12f6.jpg', 0, '2024-07-21 10:27:38', '2024-07-21 10:53:06');

-- --------------------------------------------------------

--
-- Table structure for table `tblcategory`
--

CREATE TABLE `tblcategory` (
  `id` int(11) NOT NULL,
  `CategoryName` varchar(150) DEFAULT NULL,
  `Status` int(1) DEFAULT NULL,
  `CreationDate` timestamp NULL DEFAULT current_timestamp(),
  `UpdationDate` timestamp NULL DEFAULT '0000-00-00 00:00:00' ON UPDATE current_timestamp()
) ENGINE=InnoDB DEFAULT CHARSET=latin1 COLLATE=latin1_swedish_ci;

--
-- Dumping data for table `tblcategory`
--

INSERT INTO `tblcategory` (`id`, `CategoryName`, `Status`, `CreationDate`, `UpdationDate`) VALUES
(4, 'Romantic', 1, '2024-01-31 07:23:03', '2024-02-04 06:33:43'),
(5, 'Technology', 1, '2024-01-31 07:23:03', '2024-02-04 06:33:51'),
(6, 'Science', 1, '2024-01-31 07:23:03', '2024-02-04 06:33:51'),
(7, 'Management', 1, '2024-01-31 07:23:03', '2024-02-04 06:33:51'),
(8, 'General', 1, '2024-01-31 07:23:03', '2024-02-04 06:33:51'),
(9, 'Programming', 1, '2024-01-31 07:23:03', '2024-02-04 06:33:51');

-- --------------------------------------------------------

--
-- Table structure for table `tblissuedbookdetails`
--

CREATE TABLE `tblissuedbookdetails` (
  `id` int(11) NOT NULL,
  `BookId` int(11) DEFAULT NULL,
  `StudentID` varchar(150) DEFAULT NULL,
  `IssuesDate` timestamp NULL DEFAULT current_timestamp(),
  `ReturnDate` timestamp NULL DEFAULT NULL ON UPDATE current_timestamp(),
  `RetrunStatus` int(1) DEFAULT NULL,
  `fine` int(11) DEFAULT NULL
) ENGINE=InnoDB DEFAULT CHARSET=latin1 COLLATE=latin1_swedish_ci;

--
-- Dumping data for table `tblissuedbookdetails`
--

INSERT INTO `tblissuedbookdetails` (`id`, `BookId`, `StudentID`, `IssuesDate`, `ReturnDate`, `RetrunStatus`, `fine`) VALUES
(13, 12, 'SID013', '2024-07-21 10:51:15', '2024-07-21 10:53:06', 1, 0),
(14, 6, 'SID013', '2024-08-13 11:09:43', '2024-08-13 11:12:26', 1, 0);

-- --------------------------------------------------------

--
-- Table structure for table `tblstudents`
--

CREATE TABLE `tblstudents` (
  `id` int(11) NOT NULL,
  `StudentId` varchar(100) DEFAULT NULL,
  `FullName` varchar(120) DEFAULT NULL,
  `EmailId` varchar(120) DEFAULT NULL,
  `MobileNumber` char(11) DEFAULT NULL,
  `Password` varchar(120) DEFAULT NULL,
  `Status` int(1) DEFAULT NULL,
  `RegDate` timestamp NULL DEFAULT current_timestamp(),
  `UpdationDate` timestamp NULL DEFAULT NULL ON UPDATE current_timestamp()
) ENGINE=InnoDB DEFAULT CHARSET=latin1 COLLATE=latin1_swedish_ci;

--
-- Dumping data for table `tblstudents`
--

INSERT INTO `tblstudents` (`id`, `StudentId`, `FullName`, `EmailId`, `MobileNumber`, `Password`, `Status`, `RegDate`, `UpdationDate`) VALUES
(12, 'SID013', 'Parthu', 'pparthiv.human@gmail.com', '8978313014', 'Parthu', 1, '2024-07-21 10:40:32', '2024-07-21 10:59:10');

--
-- Indexes for dumped tables
--

--
-- Indexes for table `admin`
--
ALTER TABLE `admin`
  ADD PRIMARY KEY (`id`);

--
-- Indexes for table `tblauthors`
--
ALTER TABLE `tblauthors`
  ADD PRIMARY KEY (`id`);

--
-- Indexes for table `tblbooks`
--
ALTER TABLE `tblbooks`
  ADD PRIMARY KEY (`id`);

--
-- Indexes for table `tblcategory`
--
ALTER TABLE `tblcategory`
  ADD PRIMARY KEY (`id`);

--
-- Indexes for table `tblissuedbookdetails`
--
ALTER TABLE `tblissuedbookdetails`
  ADD PRIMARY KEY (`id`);

--
-- Indexes for table `tblstudents`
--
ALTER TABLE `tblstudents`
  ADD PRIMARY KEY (`id`),
  ADD UNIQUE KEY `StudentId` (`StudentId`);

--
-- AUTO_INCREMENT for dumped tables
--

--
-- AUTO_INCREMENT for table `admin`
--
ALTER TABLE `admin`
  MODIFY `id` int(11) NOT NULL AUTO_INCREMENT, AUTO_INCREMENT=2;

--
-- AUTO_INCREMENT for table `tblauthors`
--
ALTER TABLE `tblauthors`
  MODIFY `id` int(11) NOT NULL AUTO_INCREMENT, AUTO_INCREMENT=17;

--
-- AUTO_INCREMENT for table `tblbooks`
--
ALTER TABLE `tblbooks`
  MODIFY `id` int(11) NOT NULL AUTO_INCREMENT, AUTO_INCREMENT=13;

--
-- AUTO_INCREMENT for table `tblcategory`
--
ALTER TABLE `tblcategory`
  MODIFY `id` int(11) NOT NULL AUTO_INCREMENT, AUTO_INCREMENT=10;

--
-- AUTO_INCREMENT for table `tblissuedbookdetails`
--
ALTER TABLE `tblissuedbookdetails`
  MODIFY `id` int(11) NOT NULL AUTO_INCREMENT, AUTO_INCREMENT=15;

--
-- AUTO_INCREMENT for table `tblstudents`
--
ALTER TABLE `tblstudents`
  MODIFY `id` int(11) NOT NULL AUTO_INCREMENT, AUTO_INCREMENT=13;
COMMIT;

/*!40101 SET CHARACTER_SET_CLIENT=@OLD_CHARACTER_SET_CLIENT */;
/*!40101 SET CHARACTER_SET_RESULTS=@OLD_CHARACTER_SET_RESULTS */;
/*!40101 SET COLLATION_CONNECTION=@OLD_COLLATION_CONNECTION */;
